"Path","Hash"
"C:\Users\Admin\Documents\usth\b3\thesis\project\new-system\security-monitoring\evidence\04-http-flood\http-flood-final-summary.txt","9051AD6A27555181F517050D580D1923191F2B1914D9CC2F77AA3DD1F7C4E798"
"C:\Users\Admin\Documents\usth\b3\thesis\project\new-system\security-monitoring\evidence\04-http-flood\ad02-warmup\normal-report.html","FC1F9FF9D79395AED9E2D077CBABFA610534EC0A193421E09BB2E4457316E977"
"C:\Users\Admin\Documents\usth\b3\thesis\project\new-system\security-monitoring\evidence\04-http-flood\ad02-warmup\normal_exceptions.csv","50E001907CCFF3338F25A2C46417065ABF1A828FEB0BCF1A8E01D039EB762BF2"
"C:\Users\Admin\Documents\usth\b3\thesis\project\new-system\security-monitoring\evidence\04-http-flood\ad02-warmup\normal_failures.csv","A0F766D126247D27179B2AB30FD2156F5F16130FF67B761A23011A8A32B3934C"
"C:\Users\Admin\Documents\usth\b3\thesis\project\new-system\security-monitoring\evidence\04-http-flood\ad02-warmup\normal_stats.csv","CB603D65199FFB50C631021FE526DB42229F82CC2B6B2D6710917B1DD1F9F774"
"C:\Users\Admin\Documents\usth\b3\thesis\project\new-system\security-monitoring\evidence\04-http-flood\ad02-warmup\normal_stats_history.csv","02D079F2B057D0C674C385CB4E8AB6E4C1547B7659E23377963F6A3A4A8A74BD"
"C:\Users\Admin\Documents\usth\b3\thesis\project\new-system\security-monitoring\evidence\04-http-flood\pilot-01\application-pods-after-reset.txt","B0CBF24D9390315D4C11AA308F546BCC090DACB7BC4EE5E50120226DAE2B2766"
"C:\Users\Admin\Documents\usth\b3\thesis\project\new-system\security-monitoring\evidence\04-http-flood\pilot-01\application-pods-after.txt","8BAA3B8D45E75E83CA0CD26B60B2C3086ED94FC6BABF569A3FED56A2452A2A17"
"C:\Users\Admin\Documents\usth\b3\thesis\project\new-system\security-monitoring\evidence\04-http-flood\pilot-01\application-pods-before.txt","49D0BFBE203361E1B628CD60AB8232F7529098582BB0D4D80AC29AB7873A6355"
"C:\Users\Admin\Documents\usth\b3\thesis\project\new-system\security-monitoring\evidence\04-http-flood\pilot-01\application-restarts-after.txt","21A7E25011EDB4CEB14BB39719A0B541EE4697BAC049A922B961138D02423BC8"
"C:\Users\Admin\Documents\usth\b3\thesis\project\new-system\security-monitoring\evidence\04-http-flood\pilot-01\application-restarts-before.txt","21A7E25011EDB4CEB14BB39719A0B541EE4697BAC049A922B961138D02423BC8"
"C:\Users\Admin\Documents\usth\b3\thesis\project\new-system\security-monitoring\evidence\04-http-flood\pilot-01\attack-end.txt","2042530133B7A78F41D26537FA6DE02AC23984C2CA6B64A415963808804C63D5"
"C:\Users\Admin\Documents\usth\b3\thesis\project\new-system\security-monitoring\evidence\04-http-flood\pilot-01\attack-start.txt","A94D213EC1707906FC29C72650E6E521731EB62F7FD99151E1763B365F997FCA"
"C:\Users\Admin\Documents\usth\b3\thesis\project\new-system\security-monitoring\evidence\04-http-flood\pilot-01\currencyservice-reset-time.txt","B5B30436FD4342A9B0EC3DAF09AC720B41D6050A965BB53D50DC50942DC0F8F3"
"C:\Users\Admin\Documents\usth\b3\thesis\project\new-system\security-monitoring\evidence\04-http-flood\pilot-01\experiment-start.txt","8D8D802BF23FFC7ABBF45087BFB467BF46C5CD3FF3701C2325EF48CE6E023057"
"C:\Users\Admin\Documents\usth\b3\thesis\project\new-system\security-monitoring\evidence\04-http-flood\pilot-01\flood-report.html","68E3ECE1987E9D442A314CF51FCFCA1A0A5B7FA13C91C91E5E7BAFD7913054A4"
"C:\Users\Admin\Documents\usth\b3\thesis\project\new-system\security-monitoring\evidence\04-http-flood\pilot-01\flood_exceptions.csv","50E001907CCFF3338F25A2C46417065ABF1A828FEB0BCF1A8E01D039EB762BF2"
"C:\Users\Admin\Documents\usth\b3\thesis\project\new-system\security-monitoring\evidence\04-http-flood\pilot-01\flood_failures.csv","A0F766D126247D27179B2AB30FD2156F5F16130FF67B761A23011A8A32B3934C"
"C:\Users\Admin\Documents\usth\b3\thesis\project\new-system\security-monitoring\evidence\04-http-flood\pilot-01\flood_stats.csv","24B50B1F06693D0AF534DBF52847BAC1CB69DA405B073B5DC03CA2BA28124385"
"C:\Users\Admin\Documents\usth\b3\thesis\project\new-system\security-monitoring\evidence\04-http-flood\pilot-01\flood_stats_history.csv","978DEC7FE84672CE53858BAA31E82742BF75B69AA1BF4817CC4B48F2D83F58F1"
"C:\Users\Admin\Documents\usth\b3\thesis\project\new-system\security-monitoring\evidence\04-http-flood\pilot-01\normal-report.html","0927AC09A5E67A9501414444AF3C04E2CF94F3756C6D11289CD98D158A16C57B"
"C:\Users\Admin\Documents\usth\b3\thesis\project\new-system\security-monitoring\evidence\04-http-flood\pilot-01\normal_exceptions.csv","50E001907CCFF3338F25A2C46417065ABF1A828FEB0BCF1A8E01D039EB762BF2"
"C:\Users\Admin\Documents\usth\b3\thesis\project\new-system\security-monitoring\evidence\04-http-flood\pilot-01\normal_failures.csv","A0F766D126247D27179B2AB30FD2156F5F16130FF67B761A23011A8A32B3934C"
"C:\Users\Admin\Documents\usth\b3\thesis\project\new-system\security-monitoring\evidence\04-http-flood\pilot-01\normal_stats.csv","F6BDD09A90F9DD6696A787307BECC6B8EBC761EF5A5697B58493ABDB894C671F"
"C:\Users\Admin\Documents\usth\b3\thesis\project\new-system\security-monitoring\evidence\04-http-flood\pilot-01\normal_stats_history.csv","E4CD50FFBFFF7E151974F92D5CE9B3CD7D34BC524E542C3AA91B66E74A08D82B"
"C:\Users\Admin\Documents\usth\b3\thesis\project\new-system\security-monitoring\evidence\04-http-flood\pilot-01\phase-log.txt","458A91F14EC0BA2DB7F110D791C9348695CAD69CFC926037973E70D605D8473D"
"C:\Users\Admin\Documents\usth\b3\thesis\project\new-system\security-monitoring\evidence\04-http-flood\pilot-01\pilot-summary.txt","5AB702E46944F069279A0160FAD788A1D471606DAA21D56978CC5D694E89C06F"
"C:\Users\Admin\Documents\usth\b3\thesis\project\new-system\security-monitoring\evidence\04-http-flood\pilot-01\recovery-end.txt","20B3EBD492B0CA3C9853F7265BD492A3A00C22BB57C09CD94464C0FB4EF4B601"
"C:\Users\Admin\Documents\usth\b3\thesis\project\new-system\security-monitoring\evidence\04-http-flood\run-01\application-pods-after.txt","C900D84FDE5DC6E65E1C527FD3E5B3E370CBB98578C9B4DE764187928CD38D87"
"C:\Users\Admin\Documents\usth\b3\thesis\project\new-system\security-monitoring\evidence\04-http-flood\run-01\application-pods-before.txt","39CC75737CE5A97AA9F7783351E738C55A943B4BD073EE07C2108CFD9831AA33"
"C:\Users\Admin\Documents\usth\b3\thesis\project\new-system\security-monitoring\evidence\04-http-flood\run-01\application-restarts-after.txt","64E6F254D56691EF717B2FC3C6A6AB23F7DEB51E80D9978824652501BE8A7DB6"
"C:\Users\Admin\Documents\usth\b3\thesis\project\new-system\security-monitoring\evidence\04-http-flood\run-01\application-restarts-before.txt","64E6F254D56691EF717B2FC3C6A6AB23F7DEB51E80D9978824652501BE8A7DB6"
"C:\Users\Admin\Documents\usth\b3\thesis\project\new-system\security-monitoring\evidence\04-http-flood\run-01\attack-end.txt","D83A31409F553EBCA304DE0F9CC254B787C06CB1DE57678C85B8DAD6D75AB4A4"
"C:\Users\Admin\Documents\usth\b3\thesis\project\new-system\security-monitoring\evidence\04-http-flood\run-01\attack-start.txt","37F17BC8479A7A3CBD1CC1A3D0CA9261C3BA89ED3AC7EBA167F63B1B7EFB5EED"
"C:\Users\Admin\Documents\usth\b3\thesis\project\new-system\security-monitoring\evidence\04-http-flood\run-01\experiment-start.txt","0A65867BC92F281102C48B024C52ADE270A1BAD6981BF193D355BF9BBA6FBE80"
"C:\Users\Admin\Documents\usth\b3\thesis\project\new-system\security-monitoring\evidence\04-http-flood\run-01\flood-report.html","F8F5EE4924CCCD8138EF1D6C3042F5AB4033A21F07A7B2375EBB73DDF858D5C5"
"C:\Users\Admin\Documents\usth\b3\thesis\project\new-system\security-monitoring\evidence\04-http-flood\run-01\flood_exceptions.csv","50E001907CCFF3338F25A2C46417065ABF1A828FEB0BCF1A8E01D039EB762BF2"
"C:\Users\Admin\Documents\usth\b3\thesis\project\new-system\security-monitoring\evidence\04-http-flood\run-01\flood_failures.csv","A0F766D126247D27179B2AB30FD2156F5F16130FF67B761A23011A8A32B3934C"
"C:\Users\Admin\Documents\usth\b3\thesis\project\new-system\security-monitoring\evidence\04-http-flood\run-01\flood_stats.csv","29BD783D49E5E4D4D880708078A9616CB5EBE9585CFFA64E5AE7D220545747E3"
"C:\Users\Admin\Documents\usth\b3\thesis\project\new-system\security-monitoring\evidence\04-http-flood\run-01\flood_stats_history.csv","BEB2E49B642DF2208CABEFEA83AD66785A18182CD445310D29EE44CB0828050E"
"C:\Users\Admin\Documents\usth\b3\thesis\project\new-system\security-monitoring\evidence\04-http-flood\run-01\monitoring-pods-before.txt","548BFC051480C34D64A84250F0B46AFC87CBF81EEFF6FCA0D102AF3CDD991C79"
"C:\Users\Admin\Documents\usth\b3\thesis\project\new-system\security-monitoring\evidence\04-http-flood\run-01\normal-report.html","D3570E42017836FAA4E40D6482B3970571FAB4BF7264D8C94A958283CAAC97CC"
"C:\Users\Admin\Documents\usth\b3\thesis\project\new-system\security-monitoring\evidence\04-http-flood\run-01\normal_exceptions.csv","50E001907CCFF3338F25A2C46417065ABF1A828FEB0BCF1A8E01D039EB762BF2"
"C:\Users\Admin\Documents\usth\b3\thesis\project\new-system\security-monitoring\evidence\04-http-flood\run-01\normal_failures.csv","A0F766D126247D27179B2AB30FD2156F5F16130FF67B761A23011A8A32B3934C"
"C:\Users\Admin\Documents\usth\b3\thesis\project\new-system\security-monitoring\evidence\04-http-flood\run-01\normal_stats.csv","7D9A0F5DBF10D67C1D45CD9055B3915E66E7504B16D4E8C58079F0C7582FE9BD"
"C:\Users\Admin\Documents\usth\b3\thesis\project\new-system\security-monitoring\evidence\04-http-flood\run-01\normal_stats_history.csv","3DA9EA57D17CA0D19FD527F23F9AF7AA5142A15EB41C167D7E0F5768C1F1AA4B"
"C:\Users\Admin\Documents\usth\b3\thesis\project\new-system\security-monitoring\evidence\04-http-flood\run-01\phase-log.txt","38412D7C0D87B6B0BD0935ED1D98E8211639D778B7DEC67218AAA7CC65BC1359"
"C:\Users\Admin\Documents\usth\b3\thesis\project\new-system\security-monitoring\evidence\04-http-flood\run-01\recovery-end.txt","4E91CC8B82EE4F9FD8C21AE792F6F3BC7BCD3F34A6AADA57FE038202A1310892"
"C:\Users\Admin\Documents\usth\b3\thesis\project\new-system\security-monitoring\evidence\04-http-flood\run-01\run-01-summary.txt","0C287B1796F052AB83CF30F80E95F1CC92D33E6745D8D2CBF2725ED2F048423F"
"C:\Users\Admin\Documents\usth\b3\thesis\project\new-system\security-monitoring\evidence\04-http-flood\run-02\application-pods-after.txt","A2D8D4C4C2F87F4571B83FB16848E17215989F3FCEA1AB5D610C06BDD00C69D3"
"C:\Users\Admin\Documents\usth\b3\thesis\project\new-system\security-monitoring\evidence\04-http-flood\run-02\application-pods-before.txt","3BCC9D91993473A078518E2A5E587E6B4E8D8D37F80FD6D1DF954DD46438A65A"
"C:\Users\Admin\Documents\usth\b3\thesis\project\new-system\security-monitoring\evidence\04-http-flood\run-02\application-restarts-after.txt","D0D1D3BD68023FB39730C26B75868F385E1BE3AA54C161681A96CC369830B9D3"
"C:\Users\Admin\Documents\usth\b3\thesis\project\new-system\security-monitoring\evidence\04-http-flood\run-02\application-restarts-before.txt","D0D1D3BD68023FB39730C26B75868F385E1BE3AA54C161681A96CC369830B9D3"
"C:\Users\Admin\Documents\usth\b3\thesis\project\new-system\security-monitoring\evidence\04-http-flood\run-02\attack-end.txt","F56A515C006FFCB7405A1D4C739C1320AF6C405D3729F6D03FF468FF926EC66E"
"C:\Users\Admin\Documents\usth\b3\thesis\project\new-system\security-monitoring\evidence\04-http-flood\run-02\attack-start.txt","BB1BF63EAE190ECFF655CCF1079F25AEE80CCC49447FB014DD7F23C99CA2CA83"
"C:\Users\Admin\Documents\usth\b3\thesis\project\new-system\security-monitoring\evidence\04-http-flood\run-02\experiment-start.txt","3E78A03DCA0C9D45761614159C84EE77477337144F214D8A13F0F67C9F4D1F4A"
"C:\Users\Admin\Documents\usth\b3\thesis\project\new-system\security-monitoring\evidence\04-http-flood\run-02\flood-report.html","B9E30E1398517CA8ADC551812F02F6E151CB52200662DF1DED8732C72DECD958"
"C:\Users\Admin\Documents\usth\b3\thesis\project\new-system\security-monitoring\evidence\04-http-flood\run-02\flood_exceptions.csv","50E001907CCFF3338F25A2C46417065ABF1A828FEB0BCF1A8E01D039EB762BF2"
"C:\Users\Admin\Documents\usth\b3\thesis\project\new-system\security-monitoring\evidence\04-http-flood\run-02\flood_failures.csv","A0F766D126247D27179B2AB30FD2156F5F16130FF67B761A23011A8A32B3934C"
"C:\Users\Admin\Documents\usth\b3\thesis\project\new-system\security-monitoring\evidence\04-http-flood\run-02\flood_stats.csv","120D739CA3F8AE2F6776CFF4604512B9079B065962499242C5469F2504CF7649"
"C:\Users\Admin\Documents\usth\b3\thesis\project\new-system\security-monitoring\evidence\04-http-flood\run-02\flood_stats_history.csv","AE2E669A0EA6B6E64249BBD3CA2D79BEC34411C9231B73CCE9AE13EE93F0213F"
"C:\Users\Admin\Documents\usth\b3\thesis\project\new-system\security-monitoring\evidence\04-http-flood\run-02\monitoring-pods-after.txt","7B8E2A5712DBB0CD73568C29738313FB50FAC9C074135057D2FD5CD895648D3A"
"C:\Users\Admin\Documents\usth\b3\thesis\project\new-system\security-monitoring\evidence\04-http-flood\run-02\monitoring-pods-before.txt","4F845A22293DD02076F60926F947B19E4A0FA812717E50076748F30B87887C85"
"C:\Users\Admin\Documents\usth\b3\thesis\project\new-system\security-monitoring\evidence\04-http-flood\run-02\normal-report.html","D6410404F71CC838198C889B1EA51B92E06012531ACE56D10357DC739E06D8E9"
"C:\Users\Admin\Documents\usth\b3\thesis\project\new-system\security-monitoring\evidence\04-http-flood\run-02\normal_exceptions.csv","50E001907CCFF3338F25A2C46417065ABF1A828FEB0BCF1A8E01D039EB762BF2"
"C:\Users\Admin\Documents\usth\b3\thesis\project\new-system\security-monitoring\evidence\04-http-flood\run-02\normal_failures.csv","A0F766D126247D27179B2AB30FD2156F5F16130FF67B761A23011A8A32B3934C"
"C:\Users\Admin\Documents\usth\b3\thesis\project\new-system\security-monitoring\evidence\04-http-flood\run-02\normal_stats.csv","03342FF0522C5780016C8CB060D24A5BE689E6E9E7D198B82908C1EF026C98E2"
"C:\Users\Admin\Documents\usth\b3\thesis\project\new-system\security-monitoring\evidence\04-http-flood\run-02\normal_stats_history.csv","02A67F92737E6B53B2D192F6895350F06BED791CE30A958CAA792D89B0E373A6"
"C:\Users\Admin\Documents\usth\b3\thesis\project\new-system\security-monitoring\evidence\04-http-flood\run-02\phase-log.txt","741472812BC5C62F176A6AF951D7AE61629356C1EF3530290349EA62A624064A"
"C:\Users\Admin\Documents\usth\b3\thesis\project\new-system\security-monitoring\evidence\04-http-flood\run-02\recovery-end.txt","A5103C0B72D792080422F02F1835BEF2950799B75452EDCCAD11B14EBBC95464"
"C:\Users\Admin\Documents\usth\b3\thesis\project\new-system\security-monitoring\evidence\04-http-flood\run-02\run-02-summary.txt","EB044C0E64635FDCAA570100ACFDED2C4A93C3E3B1C242916FED780DE131F6A1"
"C:\Users\Admin\Documents\usth\b3\thesis\project\new-system\security-monitoring\evidence\04-http-flood\run-03\application-pods-after-reset.txt","1630FB7331BB10D5AFF2E1E71F0B1332DD621B5DD9D843F0BDB487662A7BC7D6"
"C:\Users\Admin\Documents\usth\b3\thesis\project\new-system\security-monitoring\evidence\04-http-flood\run-03\application-pods-after.txt","0BAE074E67C870E1B01D8FA9D2F604B5794746843D089C0D84510CDA099EB044"
"C:\Users\Admin\Documents\usth\b3\thesis\project\new-system\security-monitoring\evidence\04-http-flood\run-03\application-pods-before.txt","A595B53ED6036FADAEC93F62588C40A9984634DAB8422C4BCC3E8E926B4A6A47"
"C:\Users\Admin\Documents\usth\b3\thesis\project\new-system\security-monitoring\evidence\04-http-flood\run-03\application-restarts-after.txt","FEEB46C5E2D6BCB03006A40663AC75D27F8562E3BB74831EA1A1654D13757C1C"
"C:\Users\Admin\Documents\usth\b3\thesis\project\new-system\security-monitoring\evidence\04-http-flood\run-03\application-restarts-before.txt","FEEB46C5E2D6BCB03006A40663AC75D27F8562E3BB74831EA1A1654D13757C1C"
"C:\Users\Admin\Documents\usth\b3\thesis\project\new-system\security-monitoring\evidence\04-http-flood\run-03\attack-end.txt","079A48F8A7B39C1254CA40999F519A4717A55111D022E6E8CD723328329D19B6"
"C:\Users\Admin\Documents\usth\b3\thesis\project\new-system\security-monitoring\evidence\04-http-flood\run-03\attack-start.txt","30CC8836965E9C01238C19D84B8C7274C0EE0F68F5B61A2BFA275DA468C70A2A"
"C:\Users\Admin\Documents\usth\b3\thesis\project\new-system\security-monitoring\evidence\04-http-flood\run-03\currencyservice-reset-time.txt","16B2D1C835AADE8D67DE0D24D3309149C32E08B80899566A7BB317E954E55856"
"C:\Users\Admin\Documents\usth\b3\thesis\project\new-system\security-monitoring\evidence\04-http-flood\run-03\experiment-start.txt","51E1E071698E6B9DF9C91ABB18E7B991DBB560AB6321C6527A325F2A997BB207"
"C:\Users\Admin\Documents\usth\b3\thesis\project\new-system\security-monitoring\evidence\04-http-flood\run-03\flood-report.html","4FD2E8FD3E29B627F083F268571D51442280DCE364FD0F1F5B387D86CFFBF48A"
"C:\Users\Admin\Documents\usth\b3\thesis\project\new-system\security-monitoring\evidence\04-http-flood\run-03\flood_exceptions.csv","50E001907CCFF3338F25A2C46417065ABF1A828FEB0BCF1A8E01D039EB762BF2"
"C:\Users\Admin\Documents\usth\b3\thesis\project\new-system\security-monitoring\evidence\04-http-flood\run-03\flood_failures.csv","A0F766D126247D27179B2AB30FD2156F5F16130FF67B761A23011A8A32B3934C"
"C:\Users\Admin\Documents\usth\b3\thesis\project\new-system\security-monitoring\evidence\04-http-flood\run-03\flood_stats.csv","FF20853DC7BD4B5F1CF0C16073CD76CCD9FCA17714AD4096587452DCEEBC3A76"
"C:\Users\Admin\Documents\usth\b3\thesis\project\new-system\security-monitoring\evidence\04-http-flood\run-03\flood_stats_history.csv","7EFC2DBE5F7124177BC02AEC0A248F1A636EAC8701B63EC7C5E4351AF1378F83"
"C:\Users\Admin\Documents\usth\b3\thesis\project\new-system\security-monitoring\evidence\04-http-flood\run-03\monitoring-pods-after.txt","117CA8BDD4AB4CA2BECEB188212E28180881197889EA1A892EFD2E0AFA5C4CF4"
"C:\Users\Admin\Documents\usth\b3\thesis\project\new-system\security-monitoring\evidence\04-http-flood\run-03\monitoring-pods-before.txt","A51AD9EAC5438989C7B45D9672FB862D1973B2DFE39E431A95ABA9D0A19503EE"
"C:\Users\Admin\Documents\usth\b3\thesis\project\new-system\security-monitoring\evidence\04-http-flood\run-03\normal-report.html","E5CA676ABC309913A6819F5F8E2C225390A87FAD0339FD9864C680F3C48E63CA"
"C:\Users\Admin\Documents\usth\b3\thesis\project\new-system\security-monitoring\evidence\04-http-flood\run-03\normal_exceptions.csv","50E001907CCFF3338F25A2C46417065ABF1A828FEB0BCF1A8E01D039EB762BF2"
"C:\Users\Admin\Documents\usth\b3\thesis\project\new-system\security-monitoring\evidence\04-http-flood\run-03\normal_failures.csv","A0F766D126247D27179B2AB30FD2156F5F16130FF67B761A23011A8A32B3934C"
"C:\Users\Admin\Documents\usth\b3\thesis\project\new-system\security-monitoring\evidence\04-http-flood\run-03\normal_stats.csv","7307F9B2D71AEF5D91021F9E257307C06A7332B8AAD0B2CBF6ED344A0736BAEE"
"C:\Users\Admin\Documents\usth\b3\thesis\project\new-system\security-monitoring\evidence\04-http-flood\run-03\normal_stats_history.csv","D15233F05AA257CFDA89864ABBF2327B3C14FF7670538F5E0637C706552D51B9"
"C:\Users\Admin\Documents\usth\b3\thesis\project\new-system\security-monitoring\evidence\04-http-flood\run-03\phase-log.txt","5A0A49A816EB64797BFFF29E05173F0F2862DDDCB3162575D42D58F56937485F"
"C:\Users\Admin\Documents\usth\b3\thesis\project\new-system\security-monitoring\evidence\04-http-flood\run-03\recovery-end.txt","81B2B604D887768178829F19AD3ABF350424F018C9E222153B7E87F9F925D869"
"C:\Users\Admin\Documents\usth\b3\thesis\project\new-system\security-monitoring\evidence\04-http-flood\run-03\run-03-summary.txt","5FD83F25FEB4426D04D3EA2D64E6F483A3C9A1E686427AEBE0551EACF2BEF19C"
