Timestamp,User Count,Type,Name,Requests/s,Failures/s,50%,66%,75%,80%,90%,95%,98%,99%,99.9%,99.99%,100%,Total Request Count,Total Failure Count,Total Median Response Time,Total Average Response Time,Total Min Response Time,Total Max Response Time,Total Average Content Size
1782344051,0,,Aggregated,0.000000,0.000000,N/A,N/A,N/A,N/A,N/A,N/A,N/A,N/A,N/A,N/A,N/A,0,0,0,0.0,0,0,0
1782344052,1,,Aggregated,0.000000,0.000000,N/A,N/A,N/A,N/A,N/A,N/A,N/A,N/A,N/A,N/A,N/A,0,0,0,0.0,0,0,0
1782344053,2,,Aggregated,0.000000,0.000000,N/A,N/A,N/A,N/A,N/A,N/A,N/A,N/A,N/A,N/A,N/A,0,0,0,0.0,0,0,0
1782344054,2,,Aggregated,0.000000,0.000000,2100,2100,2100,2100,2100,2100,2100,2100,2100,2100,2100,2,0,3.2987999948090874,1027.4531499999284,3.2987999948090874,2051.6075000050478,19.0
1782344055,2,,Aggregated,0.000000,0.000000,4,4,2000,2000,2100,2100,2100,2100,2100,2100,2100,6,0,3.2987999948090874,684.3275166672053,3.2987999948090874,2051.6075000050478,19.0
1782344056,2,,Aggregated,0.333333,0.000000,3,4,4,2000,2100,2100,2100,2100,2100,2100,2100,9,0,3,457.2651333348606,2.855500002624467,2051.6075000050478,19.0
1782344057,2,,Aggregated,0.750000,0.000000,3,4,4,4,2000,2100,2100,2100,2100,2100,2100,13,0,3,317.6378615400888,2.855500002624467,2051.6075000050478,19.0
1782344058,2,,Aggregated,1.400000,0.000000,3,4,4,4,2000,2100,2100,2100,2100,2100,2100,18,0,3,230.33656666747345,2.855500002624467,2051.6075000050478,19.0
1782344059,2,,Aggregated,1.666667,0.000000,3,4,4,4,4,2000,2100,2100,2100,2100,2100,21,0,3,197.89039523866018,2.8246000001672655,2051.6075000050478,19.285714285714285
1782344060,2,,Aggregated,2.142857,0.000000,3,4,4,4,5,2000,2100,2100,2100,2100,2100,24,0,3,173.6789166673892,2.8246000001672655,2051.6075000050478,19.25
1782344061,2,,Aggregated,2.250000,0.000000,3,4,4,4,5,2000,2100,2100,2100,2100,2100,29,0,3,144.3682068972427,2.8246000001672655,2051.6075000050478,19.20689655172414
1782344062,2,,Aggregated,2.444444,0.000000,3,4,4,4,5,2000,2100,2100,2100,2100,2100,33,0,3,127.26640909121753,2.7230999985476956,2051.6075000050478,19.181818181818183
1782344063,2,,Aggregated,2.600000,0.000000,4,4,4,4,5,2000,2100,2100,2100,2100,2100,37,0,4,113.94796486510549,2.7230999985476956,2051.6075000050478,19.16216216216216
1782344064,2,,Aggregated,3.000000,0.000000,4,4,4,4,4,5,2100,2100,2100,2100,2100,41,0,4,103.17891219520101,2.7230999985476956,2051.6075000050478,19.146341463414632
1782344065,2,,Aggregated,3.300000,0.000000,4,4,4,4,4,5,2100,2100,2100,2100,2100,45,0,4,94.31620222215618,2.7230999985476956,2051.6075000050478,19.133333333333333
1782344066,2,,Aggregated,3.600000,0.000000,3,4,4,4,4,5,2100,2100,2100,2100,2100,49,0,3,86.89045918376627,2.7230999985476956,2051.6075000050478,19.122448979591837
1782344067,2,,Aggregated,3.800000,0.000000,3,4,4,4,4,5,2000,2100,2100,2100,2100,53,0,3,80.58035849082341,2.7230999985476956,2051.6075000050478,19.22641509433962
1782344068,2,,Aggregated,3.800000,0.000000,3,4,4,4,4,5,2000,2100,2100,2100,2100,57,0,3,75.20151578973399,2.7230999985476956,2051.6075000050478,19.210526315789473
1782344069,2,,Aggregated,3.900000,0.000000,4,4,4,4,4,5,2000,2100,2100,2100,2100,59,0,4,72.78766440707594,2.7230999985476956,2051.6075000050478,19.203389830508474
1782344070,2,,Aggregated,3.800000,0.000000,4,4,4,4,4,5,2000,2100,2100,2100,2100,63,0,4,68.41305873055558,2.7230999985476956,2051.6075000050478,19.19047619047619
1782344071,2,,Aggregated,3.900000,0.000000,4,4,4,4,4,5,2000,2100,2100,2100,2100,67,0,4,64.56585970178156,2.7230999985476956,2051.6075000050478,19.17910447761194
1782344072,2,,Aggregated,3.800000,0.000000,4,4,4,4,5,5,2000,2100,2100,2100,2100,70,0,4,61.97071142877186,2.7230999985476956,2051.6075000050478,19.17142857142857
1782344073,2,,Aggregated,3.700000,0.000000,4,4,4,4,5,5,2000,2100,2100,2100,2100,74,0,4,58.82639594612458,2.7230999985476956,2051.6075000050478,19.16216216216216
1782344074,2,,Aggregated,3.700000,0.000000,4,4,4,4,5,5,2000,2100,2100,2100,2100,79,0,4,55.310700000046396,2.7230999985476956,2051.6075000050478,19.151898734177216
1782344075,2,,Aggregated,3.800000,0.000000,4,4,4,4,4,5,2000,2100,2100,2100,2100,81,0,4,54.03616790126874,2.7230999985476956,2051.6075000050478,19.14814814814815
1782344076,2,,Aggregated,3.700000,0.000000,4,4,4,4,5,5,2000,2100,2100,2100,2100,87,0,4,50.57989770108995,2.7230999985476956,2051.6075000050478,19.137931034482758
1782344077,2,,Aggregated,3.800000,0.000000,4,4,4,4,5,5,2000,2100,2100,2100,2100,91,0,4,48.52825494498784,2.7230999985476956,2051.6075000050478,19.13186813186813
1782344078,2,,Aggregated,3.800000,0.000000,4,4,4,4,5,5,2000,2100,2100,2100,2100,95,0,4,46.64016210529218,2.7230999985476956,2051.6075000050478,19.126315789473683
1782344079,2,,Aggregated,3.800000,0.000000,4,4,4,4,5,5,2000,2100,2100,2100,2100,99,0,4,44.90127979792158,2.7230999985476956,2051.6075000050478,19.12121212121212
1782344080,2,,Aggregated,3.800000,0.000000,4,4,4,4,5,5,6,2000,2100,2100,2100,104,0,4,42.9057778844883,2.7230999985476956,2051.6075000050478,19.115384615384617
1782344081,2,,Aggregated,3.800000,0.000000,4,4,4,4,5,5,6,2000,2100,2100,2100,107,0,4,41.79579906526542,2.7230999985476956,2051.6075000050478,19.11214953271028
1782344082,2,,Aggregated,3.900000,0.000000,4,4,4,4,5,5,7,2000,2100,2100,2100,111,0,4,40.4567612611179,2.7230999985476956,2051.6075000050478,19.10810810810811
1782344083,2,,Aggregated,4.100000,0.000000,4,4,4,4,5,5,7,2000,2100,2100,2100,115,0,4,39.18378869547387,2.7230999985476956,2051.6075000050478,19.104347826086958
1782344084,2,,Aggregated,4.000000,0.000000,4,4,4,4,5,5,7,2000,2100,2100,2100,120,0,4,37.69967333319073,2.7230999985476956,2051.6075000050478,19.1
1782344086,2,,Aggregated,4.000000,0.000000,4,4,4,4,5,5,7,2000,2100,2100,2100,122,0,4,37.13467540973263,2.4813999989419244,2051.6075000050478,19.098360655737704
1782344087,2,,Aggregated,4.100000,0.000000,4,4,4,4,5,5,7,2000,2100,2100,2100,126,0,4,36.07047380940039,2.4813999989419244,2051.6075000050478,19.095238095238095
1782344088,2,,Aggregated,4.100000,0.000000,4,4,4,4,5,5,7,2000,2100,2100,2100,130,0,4,35.067008461471865,2.4813999989419244,2051.6075000050478,19.092307692307692
1782344089,2,,Aggregated,3.900000,0.000000,4,4,4,4,5,5,7,2000,2100,2100,2100,133,0,4,34.35545338337884,2.4813999989419244,2051.6075000050478,19.090225563909776
1782344090,2,,Aggregated,3.900000,0.000000,4,4,4,4,5,5,7,2000,2100,2100,2100,136,0,4,33.67909852931916,2.4813999989419244,2051.6075000050478,19.08823529411765
1782344091,2,,Aggregated,3.900000,0.000000,4,4,4,4,5,5,7,2000,2100,2100,2100,140,0,4,32.820576428431586,2.4813999989419244,2051.6075000050478,19.12857142857143
1782344092,2,,Aggregated,3.800000,0.000000,4,4,4,4,5,5,7,2000,2100,2100,2100,144,0,4,32.008998610965335,2.4813999989419244,2051.6075000050478,19.125
1782344093,2,,Aggregated,3.700000,0.000000,4,4,4,4,5,5,7,2000,2100,2100,2100,147,0,4,31.438397278761347,2.4813999989419244,2051.6075000050478,19.122448979591837
1782344094,2,,Aggregated,3.600000,0.000000,4,4,4,4,5,5,6,2000,2100,2100,2100,151,0,4,30.690114569329097,2.4813999989419244,2051.6075000050478,19.119205298013245
1782344095,2,,Aggregated,3.700000,0.000000,4,4,4,4,5,5,6,2000,2100,2100,2100,155,0,4,29.994125806232688,2.4813999989419244,2051.6075000050478,19.116129032258065
1782344096,2,,Aggregated,3.600000,0.000000,4,4,4,4,5,5,6,2000,2100,2100,2100,158,0,4,29.496430379551867,2.4813999989419244,2051.6075000050478,19.11392405063291
1782344097,2,,Aggregated,3.600000,0.000000,4,4,4,4,5,5,6,2000,2100,2100,2100,162,0,4,28.854590123237244,2.4813999989419244,2051.6075000050478,19.11111111111111
1782344098,2,,Aggregated,3.500000,0.000000,4,4,4,4,5,5,6,2000,2100,2100,2100,165,0,4,28.39907696955682,2.4813999989419244,2051.6075000050478,19.10909090909091
1782344099,2,,Aggregated,3.600000,0.000000,4,4,4,4,5,5,6,2000,2100,2100,2100,169,0,4,27.83329763300593,2.4813999989419244,2051.6075000050478,19.106508875739646
1782344100,2,,Aggregated,3.600000,0.000000,4,4,4,4,5,5,6,2000,2100,2100,2100,173,0,4,27.26650867045748,2.4813999989419244,2051.6075000050478,19.13872832369942
1782344101,2,,Aggregated,3.500000,0.000000,4,4,4,4,5,5,6,2000,2100,2100,2100,177,0,4,26.751414689244925,2.4813999989419244,2051.6075000050478,19.135593220338983
1782344102,2,,Aggregated,3.700000,0.000000,4,4,4,4,5,5,6,2000,2100,2100,2100,181,0,4,26.236933701622135,2.4813999989419244,2051.6075000050478,19.132596685082873
1782344103,2,,Aggregated,3.700000,0.000000,4,4,4,4,5,5,6,2000,2100,2100,2100,185,0,4,25.754796756735082,2.4813999989419244,2051.6075000050478,19.12972972972973
1782344104,2,,Aggregated,3.600000,0.000000,4,4,4,4,5,5,6,2000,2100,2100,2100,189,0,4,25.291058201069955,2.4813999989419244,2051.6075000050478,19.126984126984127
1782344105,2,,Aggregated,3.800000,0.000000,4,4,4,4,5,5,6,2000,2100,2100,2100,193,0,4,24.8379352331521,2.2836999996798113,2051.6075000050478,19.124352331606218
1782344106,2,,Aggregated,3.800000,0.000000,4,4,4,4,5,5,6,2000,2100,2100,2100,196,0,4,24.519609183661654,2.2836999996798113,2051.6075000050478,19.122448979591837
1782344107,2,,Aggregated,3.600000,0.000000,4,4,4,4,5,5,6,7,2100,2100,2100,201,0,4,24.00245721392862,2.2836999996798113,2051.6075000050478,19.119402985074625
1782344108,2,,Aggregated,3.600000,0.000000,4,4,4,4,5,5,6,7,2100,2100,2100,203,0,4,23.800190640389783,2.2836999996798113,2051.6075000050478,19.11822660098522
1782344109,2,,Aggregated,3.800000,0.000000,4,4,4,4,5,5,6,7,2100,2100,2100,207,0,4,23.404442995127543,2.2836999996798113,2051.6075000050478,19.115942028985508
1782344110,2,,Aggregated,3.800000,0.000000,4,4,4,4,5,5,6,7,2100,2100,2100,211,0,4,23.034417061586215,2.2836999996798113,2051.6075000050478,19.113744075829384
1782344111,2,,Aggregated,3.800000,0.000000,4,4,4,4,5,5,6,7,2100,2100,2100,215,0,4,22.676074418657578,2.2836999996798113,2051.6075000050478,19.111627906976743
1782344112,2,,Aggregated,3.800000,0.000000,4,4,4,4,5,5,6,7,2100,2100,2100,219,0,4,22.33826529686355,2.2836999996798113,2051.6075000050478,19.10958904109589
1782344113,2,,Aggregated,3.700000,0.000000,4,4,4,4,5,5,6,7,2100,2100,2100,223,0,4,22.00877174892726,2.2836999996798113,2051.6075000050478,19.10762331838565
1782344114,2,,Aggregated,3.700000,0.000000,4,4,4,4,5,5,6,7,2100,2100,2100,226,0,4,21.764703539887286,2.2836999996798113,2051.6075000050478,19.106194690265486
1782344115,2,,Aggregated,3.900000,0.000000,4,4,4,4,5,5,6,7,2100,2100,2100,230,0,4,21.44366086966171,2.2836999996798113,2051.6075000050478,19.104347826086958
1782344116,2,,Aggregated,3.700000,0.000000,4,4,4,4,5,5,6,7,2100,2100,2100,234,0,4,21.134335042783913,2.2836999996798113,2051.6075000050478,19.102564102564102
1782344117,2,,Aggregated,3.900000,0.000000,4,4,4,4,5,5,6,7,2100,2100,2100,238,0,4,20.840975630287613,2.2836999996798113,2051.6075000050478,19.100840336134453
1782344118,2,,Aggregated,3.800000,0.000000,4,4,4,4,5,5,6,7,2100,2100,2100,242,0,4,20.55324504138952,2.2836999996798113,2051.6075000050478,19.09917355371901
1782344119,2,,Aggregated,3.800000,0.000000,4,4,4,4,5,5,6,7,2100,2100,2100,245,0,4,20.34545632664884,2.2836999996798113,2051.6075000050478,19.09795918367347
1782344120,2,,Aggregated,3.800000,0.000000,4,4,4,4,5,5,6,7,2100,2100,2100,249,0,4,20.072844176811266,2.2836999996798113,2051.6075000050478,19.096385542168676
1782344121,2,,Aggregated,3.700000,0.000000,4,4,4,4,5,5,5,7,2100,2100,2100,253,0,4,19.81256482225434,2.2836999996798113,2051.6075000050478,19.09486166007905
1782344122,2,,Aggregated,3.700000,0.000000,4,4,4,4,5,5,5,7,2100,2100,2100,256,0,4,19.622733593848807,2.2836999996798113,2051.6075000050478,19.09375
1782344123,2,,Aggregated,3.800000,0.000000,4,4,4,4,5,5,6,7,2100,2100,2100,261,0,4,19.32641762458533,2.2836999996798113,2051.6075000050478,19.114942528735632
1782344124,2,,Aggregated,3.700000,0.000000,4,4,4,4,5,5,6,7,2100,2100,2100,265,0,4,19.087718490633087,2.2836999996798113,2051.6075000050478,19.11320754716981
1782344125,2,,Aggregated,3.700000,0.000000,4,4,4,4,5,5,6,7,2100,2100,2100,268,0,4,18.910839925451707,2.2836999996798113,2051.6075000050478,19.111940298507463
1782344126,2,,Aggregated,3.700000,0.000000,4,4,4,4,5,5,6,7,2100,2100,2100,272,0,4,18.68254779420193,2.2836999996798113,2051.6075000050478,19.110294117647058
1782344127,2,,Aggregated,3.700000,0.000000,4,4,4,4,5,5,6,7,2100,2100,2100,276,0,4,18.464894203002654,2.2836999996798113,2051.6075000050478,19.108695652173914
1782344128,2,,Aggregated,3.800000,0.000000,4,4,4,4,5,5,6,7,2100,2100,2100,280,0,4,18.255269285795553,2.2836999996798113,2051.6075000050478,19.107142857142858
1782344129,2,,Aggregated,3.900000,0.000000,4,4,4,4,5,5,6,7,2100,2100,2100,285,0,4,17.99674631589656,2.2836999996798113,2051.6075000050478,19.105263157894736
1782344130,2,,Aggregated,3.900000,0.000000,4,4,4,4,5,5,6,7,2100,2100,2100,289,0,4,17.79638719732392,2.2836999996798113,2051.6075000050478,19.103806228373703
1782344131,2,,Aggregated,3.900000,0.000000,4,4,4,4,5,5,6,7,2100,2100,2100,291,0,4,17.702034020698804,2.2836999996798113,2051.6075000050478,19.123711340206185
1782344132,2,,Aggregated,4.000000,0.000000,4,4,4,4,5,5,6,7,2100,2100,2100,295,0,4,17.505706779799873,2.2836999996798113,2051.6075000050478,19.122033898305084
1782344133,2,,Aggregated,3.900000,0.000000,4,4,4,4,5,5,6,7,2100,2100,2100,299,0,4,17.321283277717924,2.2836999996798113,2051.6075000050478,19.120401337792643
1782344134,2,,Aggregated,3.900000,0.000000,3,4,4,4,5,5,5,6,2100,2100,2100,303,0,3,17.136110891190377,2.2836999996798113,2051.6075000050478,19.11881188118812
1782344135,2,,Aggregated,3.900000,0.000000,4,4,4,4,5,5,5,6,2100,2100,2100,308,0,4,16.917992857265567,2.2836999996798113,2051.6075000050478,19.116883116883116
1782344136,2,,Aggregated,4.000000,0.000000,4,4,4,4,5,5,5,6,2100,2100,2100,311,0,4,16.794524115855225,2.2836999996798113,2051.6075000050478,19.115755627009648
1782344137,2,,Aggregated,4.000000,0.000000,4,4,4,4,5,5,5,6,2100,2100,2100,314,0,4,16.67200700645643,2.2836999996798113,2051.6075000050478,19.11464968152866
1782344138,2,,Aggregated,3.900000,0.000000,4,4,4,4,5,5,5,6,2100,2100,2100,318,0,4,16.502837735890306,2.2836999996798113,2051.6075000050478,19.11320754716981
1782344139,2,,Aggregated,3.800000,0.000000,4,4,4,4,5,5,5,6,2100,2100,2100,322,0,4,16.344566459671533,2.2836999996798113,2051.6075000050478,19.111801242236027
1782344140,2,,Aggregated,3.600000,0.000000,4,4,4,4,5,5,5,6,2100,2100,2100,326,0,3,16.188725153420105,2.2836999996798113,2051.6075000050478,19.11042944785276
1782344141,2,,Aggregated,3.600000,0.000000,4,4,4,4,5,5,5,6,2100,2100,2100,329,0,4,16.073632826808364,2.2836999996798113,2051.6075000050478,19.109422492401215
1782344142,2,,Aggregated,3.700000,0.000000,4,4,4,4,5,5,5,6,2100,2100,2100,332,0,4,15.960559036212073,2.2836999996798113,2051.6075000050478,19.10843373493976
1782344143,2,,Aggregated,3.700000,0.000000,4,4,4,4,5,5,5,6,2100,2100,2100,336,0,4,15.818904166735592,2.2836999996798113,2051.6075000050478,19.107142857142858
1782344144,2,,Aggregated,3.600000,0.000000,4,4,4,4,5,5,5,6,2100,2100,2100,341,0,4,15.638567155481915,2.2836999996798113,2051.6075000050478,19.10557184750733
1782344145,2,,Aggregated,3.600000,0.000000,4,4,4,4,5,5,5,6,2100,2100,2100,344,0,4,15.530876744230417,2.2836999996798113,2051.6075000050478,19.1046511627907
1782344146,2,,Aggregated,3.600000,0.000000,4,4,4,4,5,5,5,6,2100,2100,2100,348,0,4,15.397963218392446,2.2836999996798113,2051.6075000050478,19.103448275862068
1782344147,2,,Aggregated,3.700000,0.000000,4,4,4,4,5,5,5,6,2100,2100,2100,351,0,4,15.296419658122698,2.2836999996798113,2051.6075000050478,19.102564102564102
1782344148,2,,Aggregated,3.700000,0.000000,4,4,4,4,5,5,5,6,2100,2100,2100,354,0,4,15.19434548022655,2.2836999996798113,2051.6075000050478,19.10169491525424
1782344149,2,,Aggregated,3.600000,0.000000,4,4,4,4,5,5,5,6,2100,2100,2100,358,0,4,15.063385474843535,2.2836999996798113,2051.6075000050478,19.100558659217878
1782344150,2,,Aggregated,3.700000,0.000000,4,4,4,4,5,5,5,6,2100,2100,2100,362,0,4,14.94088867399536,2.2836999996798113,2051.6075000050478,19.099447513812155
1782344151,2,,Aggregated,3.700000,0.000000,4,4,4,4,5,5,5,6,2100,2100,2100,365,0,4,14.847578082137186,2.2836999996798113,2051.6075000050478,19.0986301369863
1782344152,2,,Aggregated,3.700000,0.000000,4,4,4,4,5,5,5,6,2100,2100,2100,370,0,4,14.688411351301978,2.2836999996798113,2051.6075000050478,19.0972972972973
1782344153,2,,Aggregated,3.700000,0.000000,4,4,4,4,5,5,5,6,2100,2100,2100,372,0,4,14.62470725799835,2.2836999996798113,2051.6075000050478,19.096774193548388
1782344154,2,,Aggregated,3.700000,0.000000,3,4,4,4,5,5,5,6,2100,2100,2100,377,0,3,14.471845623250589,2.2836999996798113,2051.6075000050478,19.09549071618037
1782344155,2,,Aggregated,3.700000,0.000000,3,4,4,4,5,5,5,6,2100,2100,2100,380,0,3,14.385462368323045,2.2836999996798113,2051.6075000050478,19.110526315789475
1782344156,2,,Aggregated,3.600000,0.000000,3,4,4,4,5,5,5,6,2100,2100,2100,384,0,3,14.267320833255326,2.2836999996798113,2051.6075000050478,19.109375
1782344157,2,,Aggregated,3.600000,0.000000,3,4,4,4,5,5,5,6,2100,2100,2100,388,0,3,14.152972680339067,2.2836999996798113,2051.6075000050478,19.108247422680414
1782344158,2,,Aggregated,3.600000,0.000000,3,4,4,4,5,5,5,6,2100,2100,2100,393,0,3,14.01600636125355,2.2836999996798113,2051.6075000050478,19.106870229007633
1782344159,2,,Aggregated,3.600000,0.000000,3,4,4,4,5,5,5,6,2100,2100,2100,396,0,3,13.93779545447394,2.2836999996798113,2051.6075000050478,19.106060606060606
1782344160,2,,Aggregated,3.700000,0.000000,3,4,4,4,5,5,5,6,2100,2100,2100,401,0,3,13.806824688219054,2.2836999996798113,2051.6075000050478,19.104738154613468
1782344161,2,,Aggregated,3.800000,0.000000,3,4,4,4,5,5,5,6,2100,2100,2100,406,0,3,13.681584482695282,2.2836999996798113,2051.6075000050478,19.103448275862068
1782344162,2,,Aggregated,3.800000,0.000000,3,4,4,4,5,5,5,6,2100,2100,2100,408,0,3,13.63328676464281,2.2836999996798113,2051.6075000050478,19.102941176470587
1782344163,2,,Aggregated,3.900000,0.000000,4,4,4,4,5,5,5,6,2100,2100,2100,412,0,3,13.557196844629695,2.2836999996798113,2051.6075000050478,19.116504854368934
1782344164,2,,Aggregated,4.000000,0.000000,4,4,4,4,5,5,5,6,2100,2100,2100,416,0,3,13.460179807680106,2.2836999996798113,2051.6075000050478,19.115384615384617
1782344165,2,,Aggregated,3.900000,0.000000,4,4,4,4,5,5,5,6,2100,2100,2100,419,0,4,13.394485441510103,2.2836999996798113,2051.6075000050478,19.1145584725537
1782344166,2,,Aggregated,3.900000,0.000000,4,4,4,4,5,5,5,6,2100,2100,2100,423,0,4,13.300406146566406,2.2836999996798113,2051.6075000050478,19.113475177304963
1782344167,2,,Aggregated,3.800000,0.000000,4,4,4,4,5,5,5,6,2100,2100,2100,427,0,4,13.21488407495215,2.2836999996798113,2051.6075000050478,19.11241217798595
